variable,count,mean,std,min,25%,50%,75%,max,original
dummy1,1000.0,0.00031976744030811797,0.010070841997974764,-0.0351722265396716,-0.006119172312910575,0.0008604457995353,0.007234282492499275,0.0278092224860841,-0.0180571894152734
dummy2,1000.0,2.526259842010642e-05,0.01015826782264266,-0.0305882689105754,-0.0067353087958306,-0.0001612285083969,0.007071567990406475,0.0316339659533859,-0.0177766257108729
x1,1000.0,0.013824670316019493,3.0104195176047517,-8.977682662486382,-1.915346818898164,-0.0148762282839025,1.840358003365249,28.2002648158444,28.2002648158444
x2,1000.0,0.1898770652536233,8.159226333606636,-21.996257686000423,-5.176728868029835,0.08900174592333396,5.161425759688493,75.04961688971582,75.04961688971582
x3,1000.0,-0.022120722415357445,1.8818484650523002,-6.648229496268826,-1.334136376129809,0.036270592031213356,1.1454370185200244,17.758450249773308,17.758450249773308
